question;answer;from;source;folder
Aku kesal karena temen bilang aku nggak asik. Rasanya diserang. Gimana biar nggak sakit hati?;Komentar temen bisa bikin nggak enak, ya. Tapi coba pisahin fakta: dia cuma bilang nggak asik, bukan berarti kamu buruk. Daripada mikir diserang, anggap dia cuma beda selera. Fokus ke apa yang bikin kamu nyaman, seperti ngobrol sama temen yang ngerti kamu. Tulis tiga hal yang bikin kamu bangga—mungkin humor. Yuk, coba ajak temen lain ngobrol seru besok!;GROK;D18_GROK_FilosofiTeras124-148_53;idn
Aku kesal karena temen bilang aku nggak asik. Rasanya diserang. Gimana biar nggak sakit hati?;Komentar temen bisa bikin nggak enak, ya. Tapi coba pisahin fakta: dia cuma bilang nggak asik, bukan berarti kamu buruk. Daripada mikir diserang, anggap dia cuma beda selera. Fokus ke apa yang bikin kamu nyaman, seperti ngobrol sama temen yang ngerti kamu. Tulis tiga hal yang bikin kamu bangga—mungkin humor. Yuk, coba ajak temen lain ngobrol seru besok!;GROK;D18_GROK_FilosofiTeras124-148_53;idn
Aku marah karena tetangga parkir sembarangan. Rasanya pengen protes. Gimana caranya biar nggak emosi?;Parkir sembarangan emang bikin kesel, ya. Coba pas marah, tarik napas dalam, lalu tanya: ‘Fakta apa? Mobilnya salah parkir, tapi nggak berarti sengaja.’ Daripada protes, coba ngobrol santai sama tetangga buat cari solusi, atau fokus ke hal lain yang bikin tenang. Tulis tiga hal yang bikin kamu bersyukur—mungkin rumahmu. Langkah ini bantu kepala dingin. Yuk, coba ngobrol ramah sama tetangga besok!;GROK;D18_GROK_FilosofiTeras124-148_53;idn
Aku marah karena tetangga parkir sembarangan. Rasanya pengen protes. Gimana caranya biar nggak emosi?;Parkir sembarangan emang bikin kesel, ya. Coba pas marah, tarik napas dalam, lalu tanya: ‘Fakta apa? Mobilnya salah parkir, tapi nggak berarti sengaja.’ Daripada protes, coba ngobrol santai sama tetangga buat cari solusi, atau fokus ke hal lain yang bikin tenang. Tulis tiga hal yang bikin kamu bersyukur—mungkin rumahmu. Langkah ini bantu kepala dingin. Yuk, coba ngobrol ramah sama tetangga besok!;GROK;D18_GROK_FilosofiTeras124-148_53;idn
Aku ngerasa kurang gara-gara nggak punya liburan mewah. Gimana caranya biar merasa cukup?;Pengen liburan mewah bisa bikin merasa kurang, tapi tanya: apa iya liburan bikin bahagia selamanya? Tulis tiga hal yang udah bikin hidupmu oke, seperti momen sama keluarga atau alam sekitar. Fokus ke apa yang bisa kamu nikmati, seperti piknik di taman. Buat tujuan kecil, seperti nabung sedikit. Kamu lebih kaya dari yang kamu pikir. Coba rencanain piknik kecil minggu ini.;GROK;D18_GROK_FilosofiTeras159-182_60;idn
Aku ngerasa kurang gara-gara nggak punya liburan mewah. Gimana caranya biar merasa cukup?;Pengen liburan mewah bisa bikin merasa kurang, tapi tanya: apa iya liburan bikin bahagia selamanya? Tulis tiga hal yang udah bikin hidupmu oke, seperti momen sama keluarga atau alam sekitar. Fokus ke apa yang bisa kamu nikmati, seperti piknik di taman. Buat tujuan kecil, seperti nabung sedikit. Kamu lebih kaya dari yang kamu pikir. Coba rencanain piknik kecil minggu ini.;GROK;D18_GROK_FilosofiTeras159-182_60;idn
Aku ngerasa temenku cuma deket kalau aku punya waktu luang. Gimana caranya biar nggak stuck di pertemanan ini?;Temen yang cuma deket pas ada waktu bisa bikin capek. Tanyain diri: ‘Bikin aku bahagia nggak pertemanan ini?’ Tulis tiga hal yang bikin kamu merasa berharga, seperti kebaikanmu. Kurangin kontak pelan-pelan, seperti tolak ajakan atau fokus ke temen lain yang tulus. Cari komunitas baru, seperti grup musik, buat ketemu orang positif. Kamu layak punya temen yang beneran care. Coba hubungi temen lain yang suportif besok.;GROK;D18_GROK_FilosofiTeras191-227_54;idn
Aku ngerasa temenku cuma deket kalau aku punya waktu luang. Gimana caranya biar nggak stuck di pertemanan ini?;Temen yang cuma deket pas ada waktu bisa bikin capek. Tanyain diri: ‘Bikin aku bahagia nggak pertemanan ini?’ Tulis tiga hal yang bikin kamu merasa berharga, seperti kebaikanmu. Kurangin kontak pelan-pelan, seperti tolak ajakan atau fokus ke temen lain yang tulus. Cari komunitas baru, seperti grup musik, buat ketemu orang positif. Kamu layak punya temen yang beneran care. Coba hubungi temen lain yang suportif besok.;GROK;D18_GROK_FilosofiTeras191-227_54;idn
Aku nyesel banget pernah nyakitin orang tua, susah melupain. Gimana caranya biar nggak stuck?;Nyesel sama masa lalu bisa bikin berat, tapi tanya: bisa nggak aku ubah yang udah lewat? Nggak, kan? Tulis tiga hal yang bikin kamu anak yang baik sekarang, seperti kebaikanmu. Fokus ke apa yang bisa kamu lakuin, seperti minta maaf atau lakuin sesuatu positif buat orang tua. Masa lalu ngajarin kamu, tapi nggak nentuin masa depan. Coba lakuin satu kebaikan kecil buat orang tua besok.;GROK;D18_GROK_FilosofiTeras159-182_60;idn
Aku nyesel banget pernah nyakitin orang tua, susah melupain. Gimana caranya biar nggak stuck?;Nyesel sama masa lalu bisa bikin berat, tapi tanya: bisa nggak aku ubah yang udah lewat? Nggak, kan? Tulis tiga hal yang bikin kamu anak yang baik sekarang, seperti kebaikanmu. Fokus ke apa yang bisa kamu lakuin, seperti minta maaf atau lakuin sesuatu positif buat orang tua. Masa lalu ngajarin kamu, tapi nggak nentuin masa depan. Coba lakuin satu kebaikan kecil buat orang tua besok.;GROK;D18_GROK_FilosofiTeras159-182_60;idn
Aku sedih gara-gara jaketku rusak, rasanya nyesel banget. Gimana caranya biar nggak terlalu sedih?;Jaket rusak bisa bikin bete, tapi coba bayangin kalau ini jaket temenmu. Apa kamu bakal bilang dia harus sedih lama? Pasti nggak, kan? Tulis tiga hal lain yang bikin hidupmu asik, seperti temen atau hobi. Fokus ke langkah kecil, seperti rawat jaket lain atau cari yang baru. Ini cuma jaket, bukan dirimu. Coba pakai jaket lain dengan pede besok.;GROK;D18_GROK_FilosofiTeras159-182_60;idn
Aku sedih gara-gara jaketku rusak, rasanya nyesel banget. Gimana caranya biar nggak terlalu sedih?;Jaket rusak bisa bikin bete, tapi coba bayangin kalau ini jaket temenmu. Apa kamu bakal bilang dia harus sedih lama? Pasti nggak, kan? Tulis tiga hal lain yang bikin hidupmu asik, seperti temen atau hobi. Fokus ke langkah kecil, seperti rawat jaket lain atau cari yang baru. Ini cuma jaket, bukan dirimu. Coba pakai jaket lain dengan pede besok.;GROK;D18_GROK_FilosofiTeras159-182_60;idn
Aku sedih karena nggak di-like postinganku. Rasanya nggak populer. Gimana caranya biar nggak down?;Nggak di-like bisa bikin sedih, ya. Tapi coba lihat fakta: cuma nggak ada like, bukan berarti kamu nggak asik. Tulis tiga hal seru tentang dirimu—mungkin hobi atau kebaikanmu. Daripada mikir buruk, post buat diri sendiri atau nikmati waktu offline. Kamu tetep keren, kok. Coba lakuin satu aktivitas seru tanpa medsos malam ini!;GROK;D18_GROK_FilosofiTeras124-148_53;idn
Aku sedih karena nggak di-like postinganku. Rasanya nggak populer. Gimana caranya biar nggak down?;Nggak di-like bisa bikin sedih, ya. Tapi coba lihat fakta: cuma nggak ada like, bukan berarti kamu nggak asik. Tulis tiga hal seru tentang dirimu—mungkin hobi atau kebaikanmu. Daripada mikir buruk, post buat diri sendiri atau nikmati waktu offline. Kamu tetep keren, kok. Coba lakuin satu aktivitas seru tanpa medsos malam ini!;GROK;D18_GROK_FilosofiTeras124-148_53;idn
Aku stres gara-gara kena keseleo, rasanya susah banget. Gimana caranya biar bisa nerima?;Keseleo bisa bikin frustrasi, tapi coba lihat ini sebagai bagian dari cerita hidupmu. Tulis tiga hal yang kamu pelajari dari situasi ini, seperti sabar atau empati. Bayangin keseleo sebagai kesempatan buat istirahat dan refleksi. Fokus ke langkah kecil, seperti rawat kaki atau nikmati waktu dengan buku. Cintai momen ini sebagai peluang tumbuh. Yuk, coba baca satu bab buku besok.;GROK;D18_GROK_FilosofiTeras159-182_60;idn
Aku stres gara-gara kena keseleo, rasanya susah banget. Gimana caranya biar bisa nerima?;Keseleo bisa bikin frustrasi, tapi coba lihat ini sebagai bagian dari cerita hidupmu. Tulis tiga hal yang kamu pelajari dari situasi ini, seperti sabar atau empati. Bayangin keseleo sebagai kesempatan buat istirahat dan refleksi. Fokus ke langkah kecil, seperti rawat kaki atau nikmati waktu dengan buku. Cintai momen ini sebagai peluang tumbuh. Yuk, coba baca satu bab buku besok.;GROK;D18_GROK_FilosofiTeras159-182_60;idn
Aku suka ngeluh kalau kerjaan telat selesai, bikin stres sendiri. Apa yang bisa aku coba?;Kerjaan telat selesai bisa bikin pengen ngeluh, tapi coba tantang diri buat stop ngomel. Pas mau ngeluh, tarik napas dalam, lalu tanya: ‘Ngeluh bikin kerjaan selesai nggak?’ Fokus ke apa yang bisa kamu nikmati, seperti kerjain tugas kecil atau tanya kolega. Tulis tiga hal yang bikin kamu bersyukur, seperti pekerjaan. Coba buat ‘no complaint’ saat kerja besok. Yuk, siapin tugas kecil.;GROK;D18_GROK_FilosofiTeras159-182_60;idn
Aku suka ngeluh kalau kerjaan telat selesai, bikin stres sendiri. Apa yang bisa aku coba?;Kerjaan telat selesai bisa bikin pengen ngeluh, tapi coba tantang diri buat stop ngomel. Pas mau ngeluh, tarik napas dalam, lalu tanya: ‘Ngeluh bikin kerjaan selesai nggak?’ Fokus ke apa yang bisa kamu nikmati, seperti kerjain tugas kecil atau tanya kolega. Tulis tiga hal yang bikin kamu bersyukur, seperti pekerjaan. Coba buat ‘no complaint’ saat kerja besok. Yuk, siapin tugas kecil.;GROK;D18_GROK_FilosofiTeras159-182_60;idn
Aku takut dikira nggak pinter karena nilaiku jelek. Gimana caranya biar pede di kelas?;Nilai jelek bisa bikin ragu, ya. Tapi coba fokus ke fakta: nilai cuma angka, bukan cerminan dirimu. Tulis tiga hal yang bikin kamu bangga—mungkin usahamu atau kebaikanmu. Fokus ke apa yang bisa kamu lakuin, seperti tanya dosen atau belajar dengan cara baru. Kamu tetep berharga, kok. Coba pelajari satu topik kecil besok!;GROK;D18_GROK_FilosofiTeras124-148_53;idn
Aku takut dikira nggak pinter karena nilaiku jelek. Gimana caranya biar pede di kelas?;Nilai jelek bisa bikin ragu, ya. Tapi coba fokus ke fakta: nilai cuma angka, bukan cerminan dirimu. Tulis tiga hal yang bikin kamu bangga—mungkin usahamu atau kebaikanmu. Fokus ke apa yang bisa kamu lakuin, seperti tanya dosen atau belajar dengan cara baru. Kamu tetep berharga, kok. Coba pelajari satu topik kecil besok!;GROK;D18_GROK_FilosofiTeras124-148_53;idn
Saya sering bilang ke anak bahwa sekolah mahal, tapi dia nggak peduli. Bagaimana cara menjelaskan?;Aku tahu, kadang kita pengin anak ngerti pengorbanan kita, tapi rasanya seperti ngomong ke tembok, ya? Anak kecil memang belum paham konsep biaya sekolah, jadi coba ganti pendekatan. Kalau dia nggak semangat sekolah, tanya, ‘Apa yang bikin kamu nggak suka sekolah?’ Bantu dia temuin hal seru di sekolah, seperti main sama temen. Apa yang lagi bikin anakmu nggak peduli? Ceritain, biar kita cari cara buat bikin dia lebih antusias!;GROK;D18_GROK_FilosofiTeras261-289_46;idn
Saya sering bilang ke anak bahwa sekolah mahal, tapi dia nggak peduli. Bagaimana cara menjelaskan?;Aku tahu, kadang kita pengin anak ngerti pengorbanan kita, tapi rasanya seperti ngomong ke tembok, ya? Anak kecil memang belum paham konsep biaya sekolah, jadi coba ganti pendekatan. Kalau dia nggak semangat sekolah, tanya, ‘Apa yang bikin kamu nggak suka sekolah?’ Bantu dia temuin hal seru di sekolah, seperti main sama temen. Apa yang lagi bikin anakmu nggak peduli? Ceritain, biar kita cari cara buat bikin dia lebih antusias!;GROK;D18_GROK_FilosofiTeras261-289_46;idn
